id,titulo_original,puesto,empresa,portal,fecha_publicacion,salario_min,salario_max,experiencia_anios,categoria_rol,descripcion,es_simulado,habilidades
1,Técnico en refrigeración,Técnico en refrigeración,Empresa Confidencial,Computrabajo,2026-06-15,,,2,Backend,CAPITAL HUMANO ESPECIALIZADO,0,"Excel,SQL"
2,Técnico en línea blanca,Técnico en línea blanca,Empresa Confidencial,Computrabajo,2026-06-15,,,1,Backend,CAPITAL HUMANO ESPECIALIZADO,0,"Excel,SQL"
3,Tecnico Motorizado Chofer Servicio de Baterias a Domicilio,Tecnico Motorizado Chofer Servicio de Baterias a Domicilio,Empresa Confidencial,Computrabajo,2026-06-15,,,3,Backend,Battery Giant Panamá,0,"Excel,SQL"
4,Soporte Técnico,Soporte Técnico IT,Empresa Confidencial,Computrabajo,2026-06-15,,,2,Soporte & IT,TX PANAMA,0,"Excel,SQL"
5,Técnico Sistema Especiales,Técnico Sistema Especiales,Empresa Confidencial,Computrabajo,2026-06-15,,,1,Soporte & IT,Agv consulting,0,"Excel,SQL"
6,Técnico en Panadería,Técnico en Panadería,Empresa Confidencial,Computrabajo,2026-06-15,,,3,Soporte & IT,PROWORK GROUP PANAMÁ,0,"Excel,SQL"
7,Agente de servicio técnico,Agente de servicio técnico,Empresa Confidencial,Computrabajo,2026-06-15,,,3,Soporte & IT,Importante empresa del sector,0,"Excel,SQL"
8,Técnico en línea blanca,Técnico en línea blanca,Empresa Confidencial,Computrabajo,2026-06-15,,,3,Backend,CAPITAL HUMANO ESPECIALIZADO,0,"Excel,SQL"
9,Técnico en refrigeración,Técnico en refrigeración,Empresa Confidencial,Computrabajo,2026-06-15,,,2,Backend,CAPITAL HUMANO ESPECIALIZADO,0,"Excel,SQL"
10,Técnico en Elevadores,Técnico en Elevadores,Empresa Confidencial,Computrabajo,2026-06-15,,,3,Soporte & IT,Importante empresa del sector,0,"Excel,SQL"
11,Lider Tecnico,Lider Tecnico,Empresa Confidencial,Computrabajo,2026-06-15,,,2,Backend,"Smart Business Solutions,S.A",0,"Excel,SQL"
12,Técnico Senior de Mantenimiento // Sistemas Hidraulico,Técnico Senior de Mantenimiento // Sistemas Hidraulico,Empresa Confidencial,Computrabajo,2026-06-15,,,1,Soporte & IT,"MTS ADMINISTRACIÓN TOTAL, S.A.",0,"Excel,SQL"
13,Coordinador de Servicio técnico,Coordinador de Servicio técnico,Empresa Confidencial,Computrabajo,2026-06-15,,,2,Soporte & IT,YCA Consultora,0,"Excel,SQL"
14,Asistente IT,Asistente IT,Empresa Confidencial,Computrabajo,2026-06-15,,,2,Backend,Pak-Al,0,"Excel,SQL"
15,Soporte Tecnico,Soporte Técnico IT,Empresa Confidencial,Computrabajo,2026-06-15,,,3,Soporte & IT,Componentes El Orbe,0,"Excel,SQL"
16,Visiting Analyst/Associate,Visiting Analyst/Associate,Acton Capital,Arbeitnow API,2026-06-15,,,2,Backend,"Acton Capital is a leading European growth-stage venture capital investor based in Munich. Since 1999, Acton has successfully invested in fast-growing, tech-enabled companies throughout Europe. Currently, Acton invests out of its sixth fund generation. As addition to our investment team in Munich we are looking for a Visiting Analyst/Associate. Aufgaben As a member of our investment team, you screen the market, source and analyze investment opportunities. You support the team in closing and managing deals as well as in the fund’s day to day business: Sourcing of investment opportunities throug",0,"Excel,SQL"
17,Werkstudent:in IT Support & Data Governance (m/w/d),Data Analyst / Scientist,Implify,Arbeitnow API,2026-06-15,,,3,Data & Analytics,"Wenn die Arbeit in einem Start-up für Dich spannend klingt, Du Praxiserfahrung in IT, Support und Datenprozessen sammeln und dabei von Anfang an ein wertvoller Teil des Teams sein willst, bist Du bei Implify genau richtig! 🚀 Wir unterstützen Unternehmen dabei, ihre Lagerprozesse zu automatisieren, um Zeit und Kosten zu sparen, Effizienz zu steigern und Fehler zu vermeiden. Unsere Soft- und Hardware-Lösungen ermöglichen es, Lagerhaltung einfach, transparent und zuverlässig zu gestalten - insbesondere im Gesundheitswesen und bei Unternehmen mit komplexen Lagerprozessen. Arbeite direkt mit unsere",0,"Excel,SQL"
18,(Senior) Full-Stack Software Engineer - Financial Infrastructure & Payments (m/f/d),(Senior) Full-Stack Software Engineer - Financial Infrastructure & Payments (m/f/d),1KOMMA5˚,Arbeitnow API,2026-06-15,,,3,Frontend,"1KOMMA5° At 1KOMMA5° , we pursue a clear vision: Living on wind and sunlight forever for free . To make this a reality, we are building the energy system of the future with Heartbeat AI. Want to be part of it?We bring together regional craftsmanship and scalable software: We don't think of solar, batteries, heat pumps, and e-mobility as isolated components, but control them as an intelligent, integrated overall system in our virtual power plant. Directly connected to the electricity market – in real time, fully automated. This way, energy is used when it is available from renewables and partic",0,"Excel,SQL"
19,IT-System Engineer (m/w/d),IT-System Engineer (m/w/d),think about IT GmbH,Arbeitnow API,2026-06-15,,,1,Frontend,"Die thinkGROUP ist eine erfolgreiche Systemhausgruppe, die ständig nach Innovation strebt und großen Wert auf die kontinuierliche Optimierung unserer internen Prozesse legt. Die Nutzung modernster Technologien ist kein Selbstzweck, sondern die Ausprägung unseres Innovationsgeistes und gelebter Kundenorientierung. Hervorragender IT-Service bedarf optimaler Systeme. Unser motiviertes Team gibt täglich sein Bestes, um unsere Kunden immer wieder neu zu begeistern. Wir suchen Dich zum nächstmöglichen Zeitpunkt als Teammitglied unseres Fachbereichs IT-Consulting am Standort Bochum. Werde Teil der th",0,"Excel,SQL"
20,Senior Software Engineer - Fullstack (m/f/d),Fullstack Developer,Ratepay GmbH,Arbeitnow API,2026-06-15,,,2,Frontend,"At Ratepay, we develop next-generation payment solutions that power the checkout experience for some of Germany’s largest online retailers and marketplaces. As a Senior Software Engineer (m/f/d), you’ll play a key role in building secure, scalable, and user-friendly Buy Now, Pay Later products in a dynamic and fast-growing e-commerce sector. You’ll join a collaborative, agile team dedicated to enabling seamless commercial and technical onboarding of merchants, marketplaces, and resellers. Our focus is on modern integrations, fast onboarding, and intuitive configuration—making it easy for merch",0,Agile
21,Senior Verification Engineer,Senior Verification Engineer,TechBiz Global GmbH,Arbeitnow API,2026-06-15,,,2,Frontend,"At TechBiz Global, we are providing recruitment service to our TOP clients from our portfolio. We are currently seeking an Senior Verification Engineer specialist to join one of our clients ' teams that d evelops RISC-V CPU cores . If you're looking for an exciting opportunity to grow in a innovative environment, this could be the perfect fit for you. A s a Senior Verification Engineer, you will work within the Verification Team and play a crucial role in ensuring the correctness and functionality of complex digital designs at the Register Transfer Level according to the specification, using a",0,"Excel,SQL"
22,(Senior) Backend Developer – Product Creation & Assignment (m/w/d),Data Analyst / Scientist,idealo internet GmbH,Arbeitnow API,2026-06-15,,,2,Frontend,"As a (Senior) Backend Developer in our Product Creation & Assignment Team, you will help us build the systems behind the automated expansion of the idealo product catalogue. At idealo, products are the comparable entities users see on our platform: product pages where offers from different shops are grouped, enriched and made comparable. Our team builds systems that identify and create new products from various data sources and assign incoming shop offers to the right existing or newly created products. We work on a modern, cloud-native stack combining JVM-based backend services with data-inte",0,"Excel,SQL"
23,"DevOps Engineer (remote, full-time)",DevOps Engineer,Lumiform,Arbeitnow API,2026-06-15,,,2,Frontend,"At Lumiform, we help companies digitise and automate their frontline operations, from inspections to trainings and workflows, so they can meet the highest safety, quality, and efficiency standards every day. Over 1,000 paying customers and 45,000 active users rely on Lumiform to operate safety and efficiently across manufacturing, retail, logistics, hospitality, healthcare, and other compliance-heavy industries. Backed by leading investors like Capnamic and 42CAP, and with over €10 million raised, we are scaling fast and building the category-defining platform for AI-powered frontline safety a",0,"Excel,SQL"
24,.NET Consultant,.NET Consultant,Multibank,LinkedIn,2026-02-03,1400.0,3400.0,1,Backend,"Buscamos un .NET Consultant para nuestro equipo de tecnología en Multibank, Panamá.",1,"PostgreSQL,Python,Node.js"
25,Data Analyst,Data Analyst,Telered,LinkedIn,2026-03-23,1800.0,3200.0,1,Data & Analytics,"Buscamos un Data Analyst para nuestro equipo de tecnología en Telered, Panamá.",1,"SQL,PostgreSQL,Python,Tableau"
26,React Developer,React Developer,Encuentra24 PA,LinkedIn,2026-02-12,1600.0,2000.0,2,Frontend,"En Encuentra24 PA requerimos React Developer con experiencia en HTML, Vue, TypeScript para liderar nuestra transformación digital.",1,"HTML,Vue,TypeScript,Angular"
27,Desarrollador Web Fullstack,Desarrollador Web Fullstack,Sonda Panamá,Konzerta,2026-04-27,1800.0,2700.0,3,Fullstack,"Buscamos un Desarrollador Web Fullstack para nuestro equipo de tecnología en Sonda Panamá, Panamá.",1,"SQL,Python,Node.js,Git,AWS"
28,Administrador Cloud,Administrador Cloud,EY Panamá,Konzerta,2026-01-24,2300.0,3800.0,3,DevOps & Cloud,Gran oportunidad en Ciudad de Panamá. EY Panamá busca Administrador Cloud con al menos 3 años de experiencia.,1,"Python,Git,AWS,Kubernetes,Docker"
29,Mobile Developer,Mobile Developer,Banco General,Konzerta,2026-02-17,1600.0,2700.0,1,Mobile,Gran oportunidad en Ciudad de Panamá. Banco General busca Mobile Developer con al menos 1 años de experiencia.,1,"Flutter,JavaScript,Swift,Kotlin"
30,Scrum Master,Scrum Master,Cable & Wireless,LinkedIn,2026-05-17,2800.0,3200.0,8,Gestión & Agile,"En Cable & Wireless requerimos Scrum Master con experiencia en Agile, Excel, Scrum para liderar nuestra transformación digital.",1,"Excel,Agile,Scrum,Jira"
31,Backend Developer,Backend Developer,Autoridad del Canal de Panamá (ACP),Computrabajo,2026-03-15,1700.0,2300.0,2,Backend,"Buscamos un Backend Developer para nuestro equipo de tecnología en Autoridad del Canal de Panamá (ACP), Panamá.",1,"SQL,Node.js,Git,Spring Boot,Java"
32,IT Project Manager,IT Project Manager,KPMG Panamá,Computrabajo,2026-03-24,1800.0,3100.0,3,Gestión & Agile,"Buscamos un IT Project Manager para nuestro equipo de tecnología en KPMG Panamá, Panamá.",1,"Agile,Scrum,Jira"
33,Analista de Datos,Analista de Datos,Encuentra24 PA,Computrabajo,2026-05-20,2400.0,3500.0,1,Data & Analytics,"Buscamos un Analista de Datos para nuestro equipo de tecnología en Encuentra24 PA, Panamá.",1,"SQL,PostgreSQL,Python,Tableau,Spark"
34,Product Owner,Product Owner,Banco General,LinkedIn,2026-01-23,2600.0,3900.0,4,Gestión & Agile,Gran oportunidad en Ciudad de Panamá. Banco General busca Product Owner con al menos 4 años de experiencia.,1,"Excel,Agile"
35,Fullstack Engineer,Fullstack Engineer,Caja de Seguro Social,LinkedIn,2026-03-30,2100.0,3900.0,3,Fullstack,"Buscamos un Fullstack Engineer para nuestro equipo de tecnología en Caja de Seguro Social, Panamá.",1,"SQL,Node.js,AWS,Docker,React"
36,IT Project Manager,IT Project Manager,GBM Panamá,LinkedIn,2026-01-05,1800.0,4000.0,1,Gestión & Agile,Gran oportunidad en Ciudad de Panamá. GBM Panamá busca IT Project Manager con al menos 1 años de experiencia.,1,"Scrum,Jira"
37,Fullstack Engineer,Fullstack Engineer,EY Panamá,Computrabajo,2026-03-18,2000.0,2800.0,1,Fullstack,"Buscamos un Fullstack Engineer para nuestro equipo de tecnología en EY Panamá, Panamá.",1,"Git,AWS"
38,DevOps Engineer,DevOps Engineer,PwC Panamá,LinkedIn,2026-06-12,2000.0,3500.0,1,DevOps & Cloud,"En PwC Panamá requerimos DevOps Engineer con experiencia en Kubernetes, Azure, Docker para liderar nuestra transformación digital.",1,"AWS,Kubernetes,Docker,Azure"
39,Product Owner,Product Owner,Tigo Panamá,LinkedIn,2026-03-28,2500.0,4100.0,3,Gestión & Agile,"En Tigo Panamá requerimos Product Owner con experiencia en Excel, Scrum para liderar nuestra transformación digital.",1,"Excel,Scrum"
40,Ingeniero de Soporte,Ingeniero de Soporte,Banistmo,LinkedIn,2026-03-09,1000.0,1500.0,2,Soporte & IT,Gran oportunidad en Ciudad de Panamá. Banistmo busca Ingeniero de Soporte con al menos 2 años de experiencia.,1,"Excel,Jira,Linux,Windows Server,Cisco"
41,iOS App Developer,iOS App Developer,Copa Airlines,LinkedIn,2026-02-05,1800.0,2800.0,3,Mobile,"Buscamos un iOS App Developer para nuestro equipo de tecnología en Copa Airlines, Panamá.",1,"Git,Swift"
42,React Developer,React Developer,Encuentra24 PA,LinkedIn,2026-05-21,1300.0,2500.0,1,Frontend,Gran oportunidad en Ciudad de Panamá. Encuentra24 PA busca React Developer con al menos 1 años de experiencia.,1,"HTML,TypeScript,Angular,CSS"
43,Python Developer,Python Developer,PwC Panamá,Konzerta,2026-03-15,1700.0,2300.0,2,Backend,"Buscamos un Python Developer para nuestro equipo de tecnología en PwC Panamá, Panamá.",1,"PostgreSQL,.NET"
44,Analista de Datos,Analista de Datos,Global Bank,LinkedIn,2026-01-03,2200.0,3400.0,1,Data & Analytics,Gran oportunidad en Ciudad de Panamá. Global Bank busca Analista de Datos con al menos 1 años de experiencia.,1,"SQL,PostgreSQL,Spark,R"
45,Data Scientist,Data Scientist,Dell Technologies Panamá,Computrabajo,2026-06-01,1700.0,2500.0,2,Data & Analytics,"Buscamos un Data Scientist para nuestro equipo de tecnología en Dell Technologies Panamá, Panamá.",1,"Python,R"
46,Android Developer,Android Developer,Global Bank,LinkedIn,2026-05-05,1400.0,2000.0,1,Mobile,"Buscamos un Android Developer para nuestro equipo de tecnología en Global Bank, Panamá.",1,"Kotlin,React Native"
47,Soporte Técnico IT,Soporte Técnico IT,Copa Airlines,Computrabajo,2026-01-01,1000.0,1700.0,1,Soporte & IT,Gran oportunidad en Ciudad de Panamá. Copa Airlines busca Soporte Técnico IT con al menos 1 años de experiencia.,1,"Excel,Linux"
48,Mobile Developer,Mobile Developer,Autoridad del Canal de Panamá (ACP),Computrabajo,2026-03-29,1700.0,2800.0,1,Mobile,"Buscamos un Mobile Developer para nuestro equipo de tecnología en Autoridad del Canal de Panamá (ACP), Panamá.",1,"Git,JavaScript,Swift,Kotlin,React Native"
49,Java Engineer,Java Engineer,EY Panamá,Computrabajo,2026-05-26,1600.0,3100.0,3,Backend,Gran oportunidad en Ciudad de Panamá. EY Panamá busca Java Engineer con al menos 3 años de experiencia.,1,"SQL,PostgreSQL,Docker,Spring Boot"
50,BI Engineer,BI Engineer,Telered,Computrabajo,2026-05-29,2200.0,2700.0,1,Data & Analytics,"Buscamos un BI Engineer para nuestro equipo de tecnología en Telered, Panamá.",1,"PostgreSQL,Power BI"
51,React Developer,React Developer,Multibank,Konzerta,2026-03-28,1800.0,2500.0,1,Frontend,Gran oportunidad en Ciudad de Panamá. Multibank busca React Developer con al menos 1 años de experiencia.,1,"Vue,Angular,Git,React,CSS"
52,Analista de Datos,Analista de Datos,Dell Technologies Panamá,Konzerta,2026-05-13,1500.0,3000.0,2,Data & Analytics,"En Dell Technologies Panamá requerimos Analista de Datos con experiencia en R, Python para liderar nuestra transformación digital.",1,"Python,R"
53,Administrador de Sistemas,Administrador de Sistemas,Global Bank,LinkedIn,2026-03-01,1100.0,1600.0,1,Soporte & IT,Gran oportunidad en Ciudad de Panamá. Global Bank busca Administrador de Sistemas con al menos 1 años de experiencia.,1,"Excel,Jira,Linux,Windows Server,Cisco"
54,UI Developer,UI Developer,GBM Panamá,LinkedIn,2026-02-23,1300.0,2100.0,3,Frontend,"Buscamos un UI Developer para nuestro equipo de tecnología en GBM Panamá, Panamá.",1,"Vue,JavaScript"
55,Product Owner,Product Owner,Banistmo,Konzerta,2026-05-02,2000.0,3000.0,3,Gestión & Agile,Gran oportunidad en Ciudad de Panamá. Banistmo busca Product Owner con al menos 3 años de experiencia.,1,"Excel,Agile,Jira"
56,Android Developer,Android Developer,Global Bank,Computrabajo,2026-03-01,1500.0,2900.0,1,Mobile,"En Global Bank requerimos Android Developer con experiencia en React Native, Git, Flutter para liderar nuestra transformación digital.",1,"Git,Flutter,JavaScript,Kotlin,React Native"
57,Soporte Técnico IT,Soporte Técnico IT,Encuentra24 PA,LinkedIn,2025-12-25,1200.0,1600.0,3,Soporte & IT,"Buscamos un Soporte Técnico IT para nuestro equipo de tecnología en Encuentra24 PA, Panamá.",1,"Excel,Linux,Windows Server,Cisco"
58,Product Owner,Product Owner,GBM Panamá,LinkedIn,2026-03-04,2500.0,3700.0,1,Gestión & Agile,Gran oportunidad en Ciudad de Panamá. GBM Panamá busca Product Owner con al menos 1 años de experiencia.,1,"Excel,Agile,Scrum,Jira"
59,Python Developer,Python Developer,EY Panamá,LinkedIn,2026-04-23,1500.0,3100.0,3,Backend,"Buscamos un Python Developer para nuestro equipo de tecnología en EY Panamá, Panamá.",1,"Python,Git,C#"
60,React Developer,React Developer,Encuentra24 PA,Computrabajo,2026-05-07,1800.0,2400.0,3,Frontend,"Buscamos un React Developer para nuestro equipo de tecnología en Encuentra24 PA, Panamá.",1,"HTML,React,CSS"
61,Frontend Developer,Frontend Developer,KPMG Panamá,Konzerta,2026-06-15,1700.0,2300.0,2,Frontend,Gran oportunidad en Ciudad de Panamá. KPMG Panamá busca Frontend Developer con al menos 2 años de experiencia.,1,"HTML,TypeScript,JavaScript,React"
62,Ingeniero de Soporte,Ingeniero de Soporte,GBM Panamá,LinkedIn,2026-03-09,1100.0,1600.0,2,Soporte & IT,Gran oportunidad en Ciudad de Panamá. GBM Panamá busca Ingeniero de Soporte con al menos 2 años de experiencia.,1,"Excel,Jira,Linux,Windows Server,Cisco"
63,Fullstack Engineer,Fullstack Engineer,Multibank,Computrabajo,2026-03-21,1900.0,2900.0,3,Fullstack,Gran oportunidad en Ciudad de Panamá. Multibank busca Fullstack Engineer con al menos 3 años de experiencia.,1,"SQL,Python,Node.js"
64,Ingeniero de Soporte,Ingeniero de Soporte,GBM Panamá,Konzerta,2026-06-06,900.0,1600.0,2,Soporte & IT,"En GBM Panamá requerimos Ingeniero de Soporte con experiencia en Linux, Jira, Windows Server para liderar nuestra transformación digital.",1,"Excel,Jira,Linux,Windows Server,Cisco"
65,Product Owner,Product Owner,Multibank,Konzerta,2026-05-14,2300.0,3800.0,1,Gestión & Agile,"En Multibank requerimos Product Owner con experiencia en Jira, Scrum para liderar nuestra transformación digital.",1,"Scrum,Jira"
66,Ingeniero de Soporte,Ingeniero de Soporte,EY Panamá,Konzerta,2026-05-10,1000.0,1500.0,1,Soporte & IT,"Buscamos un Ingeniero de Soporte para nuestro equipo de tecnología en EY Panamá, Panamá.",1,"Excel,Jira,Linux,Windows Server,Cisco"
67,Python Developer,Python Developer,Banistmo,LinkedIn,2026-02-22,2100.0,2700.0,2,Backend,"Buscamos un Python Developer para nuestro equipo de tecnología en Banistmo, Panamá.",1,"SQL,PostgreSQL,Node.js,Spring Boot,C#"
68,Frontend Developer,Frontend Developer,Autoridad del Canal de Panamá (ACP),LinkedIn,2026-01-21,1200.0,1600.0,2,Frontend,"Buscamos un Frontend Developer para nuestro equipo de tecnología en Autoridad del Canal de Panamá (ACP), Panamá.",1,"HTML,TypeScript,Git,JavaScript,React"
69,Administrador de Sistemas,Administrador de Sistemas,Global Bank,Konzerta,2026-05-22,1000.0,1400.0,2,Soporte & IT,"Buscamos un Administrador de Sistemas para nuestro equipo de tecnología en Global Bank, Panamá.",1,"Excel,Jira,Linux,Cisco"
70,Ingeniero de Soporte,Ingeniero de Soporte,Encuentra24 PA,Konzerta,2026-02-20,1100.0,1400.0,3,Soporte & IT,"Buscamos un Ingeniero de Soporte para nuestro equipo de tecnología en Encuentra24 PA, Panamá.",1,"Excel,Jira,Linux,Windows Server,Cisco"
71,Product Owner,Product Owner,EY Panamá,LinkedIn,2026-01-21,2100.0,3900.0,1,Gestión & Agile,"En EY Panamá requerimos Product Owner con experiencia en Jira, Agile para liderar nuestra transformación digital.",1,"Agile,Jira"
72,Data Analyst,Data Analyst,Sonda Panamá,Konzerta,2026-01-30,1500.0,3500.0,1,Data & Analytics,"Buscamos un Data Analyst para nuestro equipo de tecnología en Sonda Panamá, Panamá.",1,"Excel,Spark,R,Power BI"
73,IT Project Manager,IT Project Manager,Copa Airlines,Computrabajo,2026-03-18,1900.0,2900.0,2,Gestión & Agile,"En Copa Airlines requerimos IT Project Manager con experiencia en Jira, Agile, Excel para liderar nuestra transformación digital.",1,"Excel,Agile,Scrum,Jira"
74,Fullstack Engineer,Fullstack Engineer,Multibank,LinkedIn,2026-05-08,1700.0,3500.0,2,Fullstack,"En Multibank requerimos Fullstack Engineer con experiencia en Python, SQL, Docker para liderar nuestra transformación digital.",1,"SQL,Python,Node.js,AWS,Docker"
75,Data Scientist,Data Scientist,Encuentra24 PA,Konzerta,2026-02-11,1600.0,2500.0,3,Data & Analytics,"En Encuentra24 PA requerimos Data Scientist con experiencia en Python, SQL, Power BI para liderar nuestra transformación digital.",1,"Excel,SQL,PostgreSQL,Python,Power BI"
76,UI Developer,UI Developer,Autoridad del Canal de Panamá (ACP),Computrabajo,2026-05-21,1700.0,2300.0,3,Frontend,"En Autoridad del Canal de Panamá (ACP) requerimos UI Developer con experiencia en TypeScript, React, Git para liderar nuestra transformación digital.",1,"TypeScript,Angular,Git,React"
77,IT Project Manager,IT Project Manager,Banco General,Konzerta,2026-05-12,2200.0,2500.0,3,Gestión & Agile,"Buscamos un IT Project Manager para nuestro equipo de tecnología en Banco General, Panamá.",1,"Excel,Agile"
78,Administrador Cloud,Administrador Cloud,Encuentra24 PA,LinkedIn,2026-05-23,2000.0,3000.0,1,DevOps & Cloud,Gran oportunidad en Ciudad de Panamá. Encuentra24 PA busca Administrador Cloud con al menos 1 años de experiencia.,1,"Python,Git,Azure,Terraform"
79,Administrador Cloud,Administrador Cloud,Encuentra24 PA,LinkedIn,2026-03-17,2000.0,2800.0,2,DevOps & Cloud,"Buscamos un Administrador Cloud para nuestro equipo de tecnología en Encuentra24 PA, Panamá.",1,"Python,Linux,Terraform"
80,Product Owner,Product Owner,Encuentra24 PA,LinkedIn,2026-02-25,1800.0,2500.0,1,Gestión & Agile,"Buscamos un Product Owner para nuestro equipo de tecnología en Encuentra24 PA, Panamá.",1,"Excel,Agile,Scrum,Jira"
81,Backend Developer,Backend Developer,Cable & Wireless,LinkedIn,2026-04-28,1700.0,2800.0,3,Backend,"Buscamos un Backend Developer para nuestro equipo de tecnología en Cable & Wireless, Panamá.",1,"SQL,Git,Docker"
82,Soporte Técnico IT,Soporte Técnico IT,Global Bank,Computrabajo,2026-03-21,1100.0,1500.0,2,Soporte & IT,"Buscamos un Soporte Técnico IT para nuestro equipo de tecnología en Global Bank, Panamá.",1,"Jira,Linux,Cisco"
83,Scrum Master,Scrum Master,Global Bank,Konzerta,2025-12-21,2700.0,3500.0,7,Gestión & Agile,Gran oportunidad en Ciudad de Panamá. Global Bank busca Scrum Master con al menos 7 años de experiencia.,1,"Excel,Agile,Scrum,Jira"
84,Ingeniero de Soporte,Ingeniero de Soporte,Encuentra24 PA,Konzerta,2026-02-18,1100.0,1700.0,1,Soporte & IT,"Buscamos un Ingeniero de Soporte para nuestro equipo de tecnología en Encuentra24 PA, Panamá.",1,"Jira,Linux,Windows Server,Cisco"
85,iOS App Developer,iOS App Developer,Telered,Computrabajo,2025-12-24,1400.0,2200.0,1,Mobile,"Buscamos un iOS App Developer para nuestro equipo de tecnología en Telered, Panamá.",1,"Git,Swift,React Native"
86,UI Developer,UI Developer,Sonda Panamá,Konzerta,2026-01-16,1400.0,2300.0,1,Frontend,"En Sonda Panamá requerimos UI Developer con experiencia en CSS, TypeScript, Angular para liderar nuestra transformación digital.",1,"TypeScript,Angular,CSS"
87,Product Owner,Product Owner,Dell Technologies Panamá,LinkedIn,2025-12-19,2200.0,3700.0,2,Gestión & Agile,"En Dell Technologies Panamá requerimos Product Owner con experiencia en Agile, Scrum para liderar nuestra transformación digital.",1,"Agile,Scrum"
88,Android Developer,Android Developer,Telered,Konzerta,2026-04-20,1400.0,1700.0,1,Mobile,"Buscamos un Android Developer para nuestro equipo de tecnología en Telered, Panamá.",1,"Git,Flutter,JavaScript,Swift,Kotlin"
89,Soporte Técnico IT,Soporte Técnico IT,Autoridad del Canal de Panamá (ACP),LinkedIn,2025-12-31,1100.0,1400.0,2,Soporte & IT,"En Autoridad del Canal de Panamá (ACP) requerimos Soporte Técnico IT con experiencia en Excel, Cisco, Windows Server para liderar nuestra transformación digital.",1,"Excel,Windows Server,Cisco"
90,IT Project Manager,IT Project Manager,Copa Airlines,LinkedIn,2026-01-12,2400.0,3900.0,1,Gestión & Agile,"En Copa Airlines requerimos IT Project Manager con experiencia en Jira, Excel, Scrum para liderar nuestra transformación digital.",1,"Excel,Agile,Scrum,Jira"
91,Cloud Infrastructure Specialist,Cloud Infrastructure Specialist,Banco General,Konzerta,2026-03-18,2200.0,2800.0,3,DevOps & Cloud,Gran oportunidad en Ciudad de Panamá. Banco General busca Cloud Infrastructure Specialist con al menos 3 años de experiencia.,1,"Git,AWS,Docker,Azure,Terraform"
92,React Developer,React Developer,GBM Panamá,Computrabajo,2026-01-28,1300.0,2600.0,3,Frontend,Gran oportunidad en Ciudad de Panamá. GBM Panamá busca React Developer con al menos 3 años de experiencia.,1,"HTML,Vue"
93,Desarrollador Web Fullstack,Desarrollador Web Fullstack,Banistmo,Konzerta,2026-04-28,1900.0,3900.0,1,Fullstack,"En Banistmo requerimos Desarrollador Web Fullstack con experiencia en React, Git, Node.js para liderar nuestra transformación digital.",1,"Node.js,Git,React"
94,.NET Consultant,.NET Consultant,Banco General,Konzerta,2026-04-07,2100.0,3200.0,1,Backend,"Buscamos un .NET Consultant para nuestro equipo de tecnología en Banco General, Panamá.",1,"SQL,Python,Docker,Spring Boot,.NET"
95,iOS App Developer,iOS App Developer,Global Bank,Konzerta,2026-04-08,1400.0,2200.0,1,Mobile,"Buscamos un iOS App Developer para nuestro equipo de tecnología en Global Bank, Panamá.",1,"Git,JavaScript,Swift,Kotlin"
96,Java Engineer,Java Engineer,Multibank,LinkedIn,2026-02-05,2000.0,2300.0,2,Backend,"En Multibank requerimos Java Engineer con experiencia en SQL, C#, Git para liderar nuestra transformación digital.",1,"SQL,Node.js,Git,C#"
97,Ingeniero de Soporte,Ingeniero de Soporte,Banco General,LinkedIn,2026-05-30,1200.0,1700.0,3,Soporte & IT,"Buscamos un Ingeniero de Soporte para nuestro equipo de tecnología en Banco General, Panamá.",1,"Jira,Linux,Windows Server"
98,Backend Developer,Backend Developer,PwC Panamá,LinkedIn,2026-02-08,1900.0,3000.0,1,Backend,"Buscamos un Backend Developer para nuestro equipo de tecnología en PwC Panamá, Panamá.",1,"PostgreSQL,Python,Docker,.NET,C#"
99,Python Developer,Python Developer,Multibank,Computrabajo,2026-02-22,1500.0,2900.0,3,Backend,"Buscamos un Python Developer para nuestro equipo de tecnología en Multibank, Panamá.",1,"SQL,Python,Node.js,Java,.NET"
100,Product Owner,Product Owner,PwC Panamá,Konzerta,2026-05-11,1800.0,3200.0,3,Gestión & Agile,"Buscamos un Product Owner para nuestro equipo de tecnología en PwC Panamá, Panamá.",1,"Excel,Agile"
101,Backend Developer,Backend Developer,Dell Technologies Panamá,LinkedIn,2026-02-16,1600.0,3300.0,2,Backend,Gran oportunidad en Ciudad de Panamá. Dell Technologies Panamá busca Backend Developer con al menos 2 años de experiencia.,1,"SQL,Python,Git,C#"
102,BI Engineer,BI Engineer,PwC Panamá,LinkedIn,2025-12-28,1900.0,2400.0,3,Data & Analytics,"En PwC Panamá requerimos BI Engineer con experiencia en PostgreSQL, Tableau, Power BI para liderar nuestra transformación digital.",1,"PostgreSQL,Tableau,Power BI"
103,Android Developer,Android Developer,Global Bank,Computrabajo,2026-03-21,1400.0,2100.0,1,Mobile,Gran oportunidad en Ciudad de Panamá. Global Bank busca Android Developer con al menos 1 años de experiencia.,1,"Git,JavaScript,Swift,Kotlin"
104,React Developer,React Developer,Telered,LinkedIn,2026-06-04,1700.0,2100.0,3,Frontend,"En Telered requerimos React Developer con experiencia en JavaScript, Vue para liderar nuestra transformación digital.",1,"Vue,JavaScript"
105,Frontend Developer,Frontend Developer,Global Bank,LinkedIn,2026-03-04,1600.0,2000.0,3,Frontend,"En Global Bank requerimos Frontend Developer con experiencia en TypeScript, HTML, Git para liderar nuestra transformación digital.",1,"HTML,TypeScript,Angular,Git"
106,Data Analyst,Data Analyst,Sonda Panamá,Konzerta,2026-03-18,2000.0,3600.0,2,Data & Analytics,"En Sonda Panamá requerimos Data Analyst con experiencia en Excel, PostgreSQL, Tableau para liderar nuestra transformación digital.",1,"Excel,PostgreSQL,Python,Tableau"
107,Fullstack Engineer,Fullstack Engineer,Banistmo,Konzerta,2026-03-02,2500.0,3600.0,1,Fullstack,"Buscamos un Fullstack Engineer para nuestro equipo de tecnología en Banistmo, Panamá.",1,"SQL,JavaScript"
108,Frontend Developer,Frontend Developer,Tigo Panamá,Konzerta,2026-02-26,1700.0,2200.0,2,Frontend,"En Tigo Panamá requerimos Frontend Developer con experiencia en HTML, Git, React para liderar nuestra transformación digital.",1,"HTML,Vue,Git,React"
109,Administrador de Sistemas,Administrador de Sistemas,Autoridad del Canal de Panamá (ACP),Computrabajo,2026-03-11,1200.0,1700.0,1,Soporte & IT,"En Autoridad del Canal de Panamá (ACP) requerimos Administrador de Sistemas con experiencia en Excel, Linux, Windows Server para liderar nuestra transformación digital.",1,"Excel,Linux,Windows Server"
110,iOS App Developer,iOS App Developer,Cable & Wireless,Computrabajo,2026-05-18,1900.0,2600.0,1,Mobile,Gran oportunidad en Ciudad de Panamá. Cable & Wireless busca iOS App Developer con al menos 1 años de experiencia.,1,"JavaScript,Kotlin,React Native"
111,Soporte Técnico IT,Soporte Técnico IT,Cable & Wireless,Konzerta,2026-04-07,800.0,1500.0,2,Soporte & IT,Gran oportunidad en Ciudad de Panamá. Cable & Wireless busca Soporte Técnico IT con al menos 2 años de experiencia.,1,"Excel,Jira"
112,Frontend Developer,Frontend Developer,GBM Panamá,LinkedIn,2026-02-19,1800.0,2100.0,1,Frontend,Gran oportunidad en Ciudad de Panamá. GBM Panamá busca Frontend Developer con al menos 1 años de experiencia.,1,"HTML,Vue,TypeScript,Git"
113,Scrum Master,Scrum Master,Multibank,Computrabajo,2026-03-12,2000.0,3100.0,1,Gestión & Agile,"En Multibank requerimos Scrum Master con experiencia en Jira, Excel, Scrum para liderar nuestra transformación digital.",1,"Excel,Agile,Scrum,Jira"
114,Data Scientist,Data Scientist,Autoridad del Canal de Panamá (ACP),LinkedIn,2026-02-21,2000.0,2900.0,3,Data & Analytics,"En Autoridad del Canal de Panamá (ACP) requerimos Data Scientist con experiencia en Spark, Excel, PostgreSQL para liderar nuestra transformación digital.",1,"Excel,PostgreSQL,Spark"
115,iOS App Developer,iOS App Developer,Global Bank,Computrabajo,2025-12-23,1300.0,1900.0,1,Mobile,"Buscamos un iOS App Developer para nuestro equipo de tecnología en Global Bank, Panamá.",1,"Flutter,Swift,Kotlin,React Native"
116,DevOps Engineer,DevOps Engineer,PwC Panamá,LinkedIn,2026-03-20,2300.0,3700.0,2,DevOps & Cloud,Gran oportunidad en Ciudad de Panamá. PwC Panamá busca DevOps Engineer con al menos 2 años de experiencia.,1,"Kubernetes,Docker"
117,Fullstack Engineer,Fullstack Engineer,Dell Technologies Panamá,Computrabajo,2026-02-10,2100.0,3300.0,2,Fullstack,"Buscamos un Fullstack Engineer para nuestro equipo de tecnología en Dell Technologies Panamá, Panamá.",1,"SQL,Git,React"
118,Desarrollador Web Fullstack,Desarrollador Web Fullstack,Telered,LinkedIn,2026-06-05,2100.0,3500.0,1,Fullstack,"En Telered requerimos Desarrollador Web Fullstack con experiencia en SQL, Git para liderar nuestra transformación digital.",1,"SQL,Git"
119,Cloud Infrastructure Specialist,Cloud Infrastructure Specialist,Multibank,Computrabajo,2026-03-23,2100.0,3900.0,2,DevOps & Cloud,"Buscamos un Cloud Infrastructure Specialist para nuestro equipo de tecnología en Multibank, Panamá.",1,"Python,Kubernetes,Azure"
120,Python Developer,Python Developer,Cable & Wireless,Computrabajo,2026-02-12,1600.0,2100.0,1,Backend,Gran oportunidad en Ciudad de Panamá. Cable & Wireless busca Python Developer con al menos 1 años de experiencia.,1,"Spring Boot,.NET"
121,Java Engineer,Java Engineer,Sonda Panamá,Computrabajo,2026-01-04,1900.0,3200.0,1,Backend,"Buscamos un Java Engineer para nuestro equipo de tecnología en Sonda Panamá, Panamá.",1,"Node.js,Git,Docker,Spring Boot"
122,Android Developer,Android Developer,Global Bank,Konzerta,2026-06-03,1600.0,2400.0,2,Mobile,"Buscamos un Android Developer para nuestro equipo de tecnología en Global Bank, Panamá.",1,"Git,Flutter,JavaScript,Swift"
123,Desarrollador Web Fullstack,Desarrollador Web Fullstack,Encuentra24 PA,Computrabajo,2026-05-02,2300.0,3600.0,2,Fullstack,"Buscamos un Desarrollador Web Fullstack para nuestro equipo de tecnología en Encuentra24 PA, Panamá.",1,"Node.js,Git,Docker,JavaScript,React"
124,Frontend Developer,Frontend Developer,PwC Panamá,Computrabajo,2026-06-13,1600.0,2400.0,3,Frontend,Gran oportunidad en Ciudad de Panamá. PwC Panamá busca Frontend Developer con al menos 3 años de experiencia.,1,"Vue,JavaScript"
125,Desarrollador Web Fullstack,Desarrollador Web Fullstack,Sonda Panamá,LinkedIn,2026-05-10,1600.0,2700.0,2,Fullstack,Gran oportunidad en Ciudad de Panamá. Sonda Panamá busca Desarrollador Web Fullstack con al menos 2 años de experiencia.,1,"Python,Git,React"
126,Administrador Cloud,Administrador Cloud,Multibank,Computrabajo,2026-05-08,1800.0,3700.0,2,DevOps & Cloud,"En Multibank requerimos Administrador Cloud con experiencia en Kubernetes, Git, Linux para liderar nuestra transformación digital.",1,"Git,Kubernetes,Azure,Linux"
127,Cloud Infrastructure Specialist,Cloud Infrastructure Specialist,Multibank,Konzerta,2026-03-14,1900.0,3600.0,1,DevOps & Cloud,"En Multibank requerimos Cloud Infrastructure Specialist con experiencia en Git, Linux para liderar nuestra transformación digital.",1,"Git,Linux"
128,Fullstack Engineer,Fullstack Engineer,KPMG Panamá,LinkedIn,2025-12-22,1800.0,2500.0,2,Fullstack,"En KPMG Panamá requerimos Fullstack Engineer con experiencia en Git, React, Docker para liderar nuestra transformación digital.",1,"Python,Git,Docker,React"
129,Desarrollador Web Fullstack,Desarrollador Web Fullstack,Caja de Seguro Social,LinkedIn,2026-05-17,2200.0,3300.0,2,Fullstack,"En Caja de Seguro Social requerimos Desarrollador Web Fullstack con experiencia en Python, React, JavaScript para liderar nuestra transformación digital.",1,"Python,Node.js,AWS,JavaScript,React"
130,DevOps Engineer,DevOps Engineer,Tigo Panamá,Computrabajo,2026-02-13,2700.0,3000.0,8,DevOps & Cloud,"En Tigo Panamá requerimos DevOps Engineer con experiencia en Kubernetes, Git, AWS para liderar nuestra transformación digital.",1,"Git,AWS,Kubernetes"
131,Fullstack Engineer,Fullstack Engineer,Caja de Seguro Social,LinkedIn,2026-03-10,1800.0,2400.0,1,Fullstack,"En Caja de Seguro Social requerimos Fullstack Engineer con experiencia en SQL, Git, JavaScript para liderar nuestra transformación digital.",1,"SQL,Node.js,Git,AWS,JavaScript"
132,Administrador de Sistemas,Administrador de Sistemas,Caja de Seguro Social,Computrabajo,2025-12-23,800.0,1300.0,2,Soporte & IT,"En Caja de Seguro Social requerimos Administrador de Sistemas con experiencia en Excel, Cisco para liderar nuestra transformación digital.",1,"Excel,Cisco"
133,IT Project Manager,IT Project Manager,Autoridad del Canal de Panamá (ACP),LinkedIn,2026-02-07,1900.0,3400.0,3,Gestión & Agile,"Buscamos un IT Project Manager para nuestro equipo de tecnología en Autoridad del Canal de Panamá (ACP), Panamá.",1,"Agile,Jira"
134,Cloud Infrastructure Specialist,Cloud Infrastructure Specialist,Multibank,Computrabajo,2026-03-07,2200.0,4300.0,3,DevOps & Cloud,Gran oportunidad en Ciudad de Panamá. Multibank busca Cloud Infrastructure Specialist con al menos 3 años de experiencia.,1,"Git,Docker,Linux"
135,React Developer,React Developer,PwC Panamá,Computrabajo,2026-02-13,1400.0,1800.0,2,Frontend,"Buscamos un React Developer para nuestro equipo de tecnología en PwC Panamá, Panamá.",1,"TypeScript,Angular"
136,Desarrollador Web Fullstack,Desarrollador Web Fullstack,Banco General,Konzerta,2026-05-20,1900.0,2500.0,1,Fullstack,Gran oportunidad en Ciudad de Panamá. Banco General busca Desarrollador Web Fullstack con al menos 1 años de experiencia.,1,"SQL,Git,Docker,JavaScript,React"
137,Fullstack Engineer,Fullstack Engineer,Banistmo,Computrabajo,2026-03-31,1700.0,2500.0,2,Fullstack,Gran oportunidad en Ciudad de Panamá. Banistmo busca Fullstack Engineer con al menos 2 años de experiencia.,1,"SQL,Python,Docker,React"
138,BI Engineer,BI Engineer,Multibank,Konzerta,2026-05-10,2200.0,3600.0,2,Data & Analytics,Gran oportunidad en Ciudad de Panamá. Multibank busca BI Engineer con al menos 2 años de experiencia.,1,"Excel,PostgreSQL,Tableau,Spark,Power BI"
139,Data Analyst,Data Analyst,Encuentra24 PA,LinkedIn,2026-03-22,1700.0,2800.0,1,Data & Analytics,"Buscamos un Data Analyst para nuestro equipo de tecnología en Encuentra24 PA, Panamá.",1,"Spark,R"
140,Ingeniero de Soporte,Ingeniero de Soporte,Caja de Seguro Social,LinkedIn,2026-03-29,1000.0,1800.0,3,Soporte & IT,"Buscamos un Ingeniero de Soporte para nuestro equipo de tecnología en Caja de Seguro Social, Panamá.",1,"Jira,Linux,Windows Server"
141,Mobile Developer,Mobile Developer,PwC Panamá,Konzerta,2026-05-14,1900.0,2200.0,1,Mobile,Gran oportunidad en Ciudad de Panamá. PwC Panamá busca Mobile Developer con al menos 1 años de experiencia.,1,"Flutter,JavaScript,Swift,Kotlin,React Native"
142,UI Developer,UI Developer,PwC Panamá,LinkedIn,2026-03-29,1400.0,2400.0,1,Frontend,"Buscamos un UI Developer para nuestro equipo de tecnología en PwC Panamá, Panamá.",1,"HTML,Git,CSS"
143,Mobile Developer,Mobile Developer,Sonda Panamá,Konzerta,2026-03-19,1500.0,1800.0,1,Mobile,"En Sonda Panamá requerimos Mobile Developer con experiencia en Swift, React Native, Kotlin para liderar nuestra transformación digital.",1,"Swift,Kotlin,React Native"
144,Scrum Master,Scrum Master,EY Panamá,LinkedIn,2026-04-15,2700.0,3200.0,4,Gestión & Agile,"Buscamos un Scrum Master para nuestro equipo de tecnología en EY Panamá, Panamá.",1,"Agile,Scrum"
145,iOS App Developer,iOS App Developer,EY Panamá,Computrabajo,2026-01-19,1900.0,2500.0,1,Mobile,"En EY Panamá requerimos iOS App Developer con experiencia en React Native, Git, Flutter para liderar nuestra transformación digital.",1,"Git,Flutter,JavaScript,Kotlin,React Native"
146,Data Analyst,Data Analyst,Copa Airlines,Computrabajo,2026-03-26,2200.0,3500.0,2,Data & Analytics,"Buscamos un Data Analyst para nuestro equipo de tecnología en Copa Airlines, Panamá.",1,"SQL,Python,Spark,Power BI"
147,Fullstack Engineer,Fullstack Engineer,Telered,Konzerta,2026-05-11,2100.0,2700.0,3,Fullstack,Gran oportunidad en Ciudad de Panamá. Telered busca Fullstack Engineer con al menos 3 años de experiencia.,1,"Git,AWS,Docker,React"
148,Android Developer,Android Developer,Multibank,Konzerta,2026-05-14,1700.0,2500.0,2,Mobile,"Buscamos un Android Developer para nuestro equipo de tecnología en Multibank, Panamá.",1,"Git,Flutter,JavaScript,Kotlin,React Native"
149,Android Developer,Android Developer,Banistmo,Computrabajo,2026-04-25,1800.0,2100.0,3,Mobile,Gran oportunidad en Ciudad de Panamá. Banistmo busca Android Developer con al menos 3 años de experiencia.,1,"Git,Flutter,JavaScript,React Native"
150,IT Project Manager,IT Project Manager,KPMG Panamá,Konzerta,2026-01-07,2100.0,3800.0,3,Gestión & Agile,Gran oportunidad en Ciudad de Panamá. KPMG Panamá busca IT Project Manager con al menos 3 años de experiencia.,1,"Excel,Agile,Jira"
151,Analista de Datos,Analista de Datos,Autoridad del Canal de Panamá (ACP),Konzerta,2026-04-03,2200.0,3200.0,1,Data & Analytics,"Buscamos un Analista de Datos para nuestro equipo de tecnología en Autoridad del Canal de Panamá (ACP), Panamá.",1,"Excel,SQL"
152,Data Analyst,Data Analyst,Multibank,Konzerta,2026-04-12,1900.0,3100.0,3,Data & Analytics,"Buscamos un Data Analyst para nuestro equipo de tecnología en Multibank, Panamá.",1,"Python,Tableau"
153,Java Engineer,Java Engineer,EY Panamá,Konzerta,2026-05-25,2100.0,2800.0,2,Backend,"En EY Panamá requerimos Java Engineer con experiencia en PostgreSQL, Python para liderar nuestra transformación digital.",1,"PostgreSQL,Python"
154,IT Project Manager,IT Project Manager,Encuentra24 PA,Computrabajo,2026-05-27,2600.0,3400.0,7,Gestión & Agile,Gran oportunidad en Ciudad de Panamá. Encuentra24 PA busca IT Project Manager con al menos 7 años de experiencia.,1,"Agile,Scrum"
155,Fullstack Engineer,Fullstack Engineer,KPMG Panamá,LinkedIn,2026-03-04,2500.0,3900.0,2,Fullstack,Gran oportunidad en Ciudad de Panamá. KPMG Panamá busca Fullstack Engineer con al menos 2 años de experiencia.,1,"SQL,Node.js,Git,AWS,React"
156,Desarrollador Web Fullstack,Desarrollador Web Fullstack,Global Bank,LinkedIn,2026-03-26,1600.0,2200.0,1,Fullstack,"En Global Bank requerimos Desarrollador Web Fullstack con experiencia en React, Docker, Git para liderar nuestra transformación digital.",1,"Python,Git,Docker,React"
157,Data Analyst,Data Analyst,EY Panamá,Konzerta,2025-12-30,2100.0,3000.0,3,Data & Analytics,"En EY Panamá requerimos Data Analyst con experiencia en SQL, Spark, Power BI para liderar nuestra transformación digital.",1,"SQL,PostgreSQL,Spark,R,Power BI"
158,Frontend Developer,Frontend Developer,Autoridad del Canal de Panamá (ACP),Computrabajo,2025-12-28,1700.0,2700.0,2,Frontend,"Buscamos un Frontend Developer para nuestro equipo de tecnología en Autoridad del Canal de Panamá (ACP), Panamá.",1,"HTML,Git"
159,Desarrollador Web Fullstack,Desarrollador Web Fullstack,Copa Airlines,LinkedIn,2026-03-23,2400.0,3700.0,2,Fullstack,Gran oportunidad en Ciudad de Panamá. Copa Airlines busca Desarrollador Web Fullstack con al menos 2 años de experiencia.,1,"SQL,Git,React"
160,Scrum Master,Scrum Master,Multibank,LinkedIn,2026-04-23,2400.0,3000.0,1,Gestión & Agile,"Buscamos un Scrum Master para nuestro equipo de tecnología en Multibank, Panamá.",1,"Excel,Agile"
161,Python Developer,Python Developer,KPMG Panamá,Computrabajo,2026-04-28,1600.0,2000.0,3,Backend,"En KPMG Panamá requerimos Python Developer con experiencia en SQL, C#, Spring Boot para liderar nuestra transformación digital.",1,"SQL,Spring Boot,C#"
162,Desarrollador Web Fullstack,Desarrollador Web Fullstack,Tigo Panamá,LinkedIn,2026-04-20,2200.0,2600.0,2,Fullstack,"Buscamos un Desarrollador Web Fullstack para nuestro equipo de tecnología en Tigo Panamá, Panamá.",1,"Python,Git,AWS,JavaScript,React"
163,Administrador de Sistemas,Administrador de Sistemas,EY Panamá,LinkedIn,2026-04-24,900.0,1700.0,3,Soporte & IT,Gran oportunidad en Ciudad de Panamá. EY Panamá busca Administrador de Sistemas con al menos 3 años de experiencia.,1,"Jira,Linux,Windows Server"
164,Analista de Datos,Analista de Datos,Encuentra24 PA,Konzerta,2026-05-28,1900.0,2800.0,2,Data & Analytics,Gran oportunidad en Ciudad de Panamá. Encuentra24 PA busca Analista de Datos con al menos 2 años de experiencia.,1,"Python,Spark,Power BI"
165,Scrum Master,Scrum Master,Autoridad del Canal de Panamá (ACP),LinkedIn,2026-03-30,1800.0,2100.0,1,Gestión & Agile,"En Autoridad del Canal de Panamá (ACP) requerimos Scrum Master con experiencia en Jira, Excel, Scrum para liderar nuestra transformación digital.",1,"Excel,Agile,Scrum,Jira"
166,Administrador de Sistemas,Administrador de Sistemas,Banco General,Konzerta,2026-02-17,1000.0,1600.0,1,Soporte & IT,"En Banco General requerimos Administrador de Sistemas con experiencia en Linux, Jira, Windows Server para liderar nuestra transformación digital.",1,"Excel,Jira,Linux,Windows Server,Cisco"
167,Ingeniero de Soporte,Ingeniero de Soporte,Caja de Seguro Social,Konzerta,2026-03-19,900.0,1700.0,2,Soporte & IT,"Buscamos un Ingeniero de Soporte para nuestro equipo de tecnología en Caja de Seguro Social, Panamá.",1,"Jira,Linux"
168,Python Developer,Python Developer,GBM Panamá,Konzerta,2026-02-14,1700.0,2300.0,2,Backend,Gran oportunidad en Ciudad de Panamá. GBM Panamá busca Python Developer con al menos 2 años de experiencia.,1,"PostgreSQL,Java,.NET,C#"
169,Fullstack Engineer,Fullstack Engineer,Banco General,Computrabajo,2026-01-03,1600.0,2000.0,1,Fullstack,"Buscamos un Fullstack Engineer para nuestro equipo de tecnología en Banco General, Panamá.",1,"Node.js,Git"
170,Administrador de Sistemas,Administrador de Sistemas,Banco General,Konzerta,2026-05-27,900.0,1800.0,3,Soporte & IT,"Buscamos un Administrador de Sistemas para nuestro equipo de tecnología en Banco General, Panamá.",1,"Excel,Jira,Linux,Windows Server,Cisco"
171,React Developer,React Developer,PwC Panamá,Computrabajo,2025-12-24,1400.0,1900.0,2,Frontend,Gran oportunidad en Ciudad de Panamá. PwC Panamá busca React Developer con al menos 2 años de experiencia.,1,"HTML,Vue,TypeScript,Angular,CSS"
172,Soporte Técnico IT,Soporte Técnico IT,GBM Panamá,LinkedIn,2026-03-06,900.0,1300.0,2,Soporte & IT,"En GBM Panamá requerimos Soporte Técnico IT con experiencia en Jira, Excel, Cisco para liderar nuestra transformación digital.",1,"Excel,Jira,Linux,Cisco"
173,BI Engineer,BI Engineer,Banco General,Computrabajo,2026-02-02,1800.0,2500.0,3,Data & Analytics,"En Banco General requerimos BI Engineer con experiencia en SQL, Excel, Spark para liderar nuestra transformación digital.",1,"Excel,SQL,Spark,Power BI"
174,React Developer,React Developer,Cable & Wireless,Konzerta,2026-05-20,1700.0,2700.0,3,Frontend,"Buscamos un React Developer para nuestro equipo de tecnología en Cable & Wireless, Panamá.",1,"HTML,Angular,JavaScript"
175,Fullstack Engineer,Fullstack Engineer,Multibank,Konzerta,2026-02-01,2500.0,3400.0,3,Fullstack,"Buscamos un Fullstack Engineer para nuestro equipo de tecnología en Multibank, Panamá.",1,"Python,Node.js,Git,AWS,React"
176,React Developer,React Developer,PwC Panamá,Konzerta,2026-03-23,1500.0,2300.0,3,Frontend,Gran oportunidad en Ciudad de Panamá. PwC Panamá busca React Developer con al menos 3 años de experiencia.,1,"TypeScript,Git,JavaScript,React"
177,Android Developer,Android Developer,Copa Airlines,LinkedIn,2026-01-11,1700.0,2400.0,3,Mobile,"Buscamos un Android Developer para nuestro equipo de tecnología en Copa Airlines, Panamá.",1,"Git,Flutter,Swift,React Native"
178,Java Engineer,Java Engineer,Tigo Panamá,LinkedIn,2026-03-15,2200.0,3400.0,2,Backend,"Buscamos un Java Engineer para nuestro equipo de tecnología en Tigo Panamá, Panamá.",1,"Python,C#"
179,Fullstack Engineer,Fullstack Engineer,Banco General,LinkedIn,2026-01-22,2100.0,3500.0,1,Fullstack,Gran oportunidad en Ciudad de Panamá. Banco General busca Fullstack Engineer con al menos 1 años de experiencia.,1,"Python,React"
180,DevOps Engineer,DevOps Engineer,Multibank,Computrabajo,2026-04-15,2000.0,2700.0,1,DevOps & Cloud,"Buscamos un DevOps Engineer para nuestro equipo de tecnología en Multibank, Panamá.",1,"Python,Kubernetes,Azure"
181,Fullstack Engineer,Fullstack Engineer,Banco General,LinkedIn,2026-04-04,2400.0,2700.0,1,Fullstack,"Buscamos un Fullstack Engineer para nuestro equipo de tecnología en Banco General, Panamá.",1,"Node.js,Git,JavaScript,React"
182,Analista de Datos,Analista de Datos,Sonda Panamá,Computrabajo,2026-06-08,2400.0,3500.0,1,Data & Analytics,Gran oportunidad en Ciudad de Panamá. Sonda Panamá busca Analista de Datos con al menos 1 años de experiencia.,1,"Excel,SQL,Spark"
183,Mobile Developer,Mobile Developer,Banistmo,LinkedIn,2026-01-14,1800.0,2300.0,1,Mobile,"Buscamos un Mobile Developer para nuestro equipo de tecnología en Banistmo, Panamá.",1,"Git,Flutter,Kotlin,React Native"
184,Android Developer,Android Developer,Caja de Seguro Social,Computrabajo,2026-05-15,1800.0,3000.0,1,Mobile,Gran oportunidad en Ciudad de Panamá. Caja de Seguro Social busca Android Developer con al menos 1 años de experiencia.,1,"Git,JavaScript,Swift,Kotlin,React Native"
185,Cloud Infrastructure Specialist,Cloud Infrastructure Specialist,Multibank,Konzerta,2026-01-31,2400.0,4400.0,2,DevOps & Cloud,"En Multibank requerimos Cloud Infrastructure Specialist con experiencia en Docker, Terraform para liderar nuestra transformación digital.",1,"Docker,Terraform"
186,Ingeniero de Soporte,Ingeniero de Soporte,Banistmo,LinkedIn,2026-05-06,1100.0,1700.0,1,Soporte & IT,"En Banistmo requerimos Ingeniero de Soporte con experiencia en Jira, Linux para liderar nuestra transformación digital.",1,"Jira,Linux"
187,Android Developer,Android Developer,Global Bank,LinkedIn,2026-04-24,1400.0,2400.0,1,Mobile,"En Global Bank requerimos Android Developer con experiencia en JavaScript, Swift, React Native para liderar nuestra transformación digital.",1,"JavaScript,Swift,React Native"
188,Scrum Master,Scrum Master,Caja de Seguro Social,LinkedIn,2026-03-20,2500.0,3200.0,2,Gestión & Agile,"Buscamos un Scrum Master para nuestro equipo de tecnología en Caja de Seguro Social, Panamá.",1,"Excel,Jira"
189,.NET Consultant,.NET Consultant,Autoridad del Canal de Panamá (ACP),Computrabajo,2026-03-28,2000.0,2800.0,1,Backend,"En Autoridad del Canal de Panamá (ACP) requerimos .NET Consultant con experiencia en PostgreSQL, Python, Node.js para liderar nuestra transformación digital.",1,"PostgreSQL,Python,Node.js,Spring Boot"
190,UI Developer,UI Developer,Banistmo,LinkedIn,2026-03-05,1600.0,1900.0,2,Frontend,Gran oportunidad en Ciudad de Panamá. Banistmo busca UI Developer con al menos 2 años de experiencia.,1,"HTML,Git,React"
191,Administrador de Sistemas,Administrador de Sistemas,GBM Panamá,LinkedIn,2026-03-10,900.0,1400.0,2,Soporte & IT,Gran oportunidad en Ciudad de Panamá. GBM Panamá busca Administrador de Sistemas con al menos 2 años de experiencia.,1,"Jira,Linux,Windows Server,Cisco"
192,Java Engineer,Java Engineer,Cable & Wireless,LinkedIn,2025-12-30,2100.0,3300.0,3,Backend,"En Cable & Wireless requerimos Java Engineer con experiencia en PostgreSQL, Python, Node.js para liderar nuestra transformación digital.",1,"PostgreSQL,Python,Node.js,Java"
193,Administrador Cloud,Administrador Cloud,Dell Technologies Panamá,LinkedIn,2026-03-16,2800.0,3700.0,6,DevOps & Cloud,Gran oportunidad en Ciudad de Panamá. Dell Technologies Panamá busca Administrador Cloud con al menos 6 años de experiencia.,1,"Git,AWS,Azure"
194,Administrador de Sistemas,Administrador de Sistemas,Cable & Wireless,LinkedIn,2026-02-14,1100.0,1800.0,2,Soporte & IT,Gran oportunidad en Ciudad de Panamá. Cable & Wireless busca Administrador de Sistemas con al menos 2 años de experiencia.,1,"Excel,Jira,Linux,Windows Server,Cisco"
195,Soporte Técnico IT,Soporte Técnico IT,Autoridad del Canal de Panamá (ACP),Computrabajo,2026-02-15,900.0,1300.0,2,Soporte & IT,"En Autoridad del Canal de Panamá (ACP) requerimos Soporte Técnico IT con experiencia en Linux, Cisco, Jira para liderar nuestra transformación digital.",1,"Jira,Linux,Cisco"
196,Cloud Infrastructure Specialist,Cloud Infrastructure Specialist,Telered,Konzerta,2026-03-04,2200.0,2900.0,2,DevOps & Cloud,"Buscamos un Cloud Infrastructure Specialist para nuestro equipo de tecnología en Telered, Panamá.",1,"AWS,Kubernetes,Docker,Azure,Linux"
197,IT Project Manager,IT Project Manager,GBM Panamá,Konzerta,2025-12-21,2200.0,3100.0,1,Gestión & Agile,"En GBM Panamá requerimos IT Project Manager con experiencia en Jira, Agile, Scrum para liderar nuestra transformación digital.",1,"Agile,Scrum,Jira"
198,Administrador de Sistemas,Administrador de Sistemas,EY Panamá,Konzerta,2026-04-24,1100.0,1500.0,3,Soporte & IT,"En EY Panamá requerimos Administrador de Sistemas con experiencia en Linux, Jira, Windows Server para liderar nuestra transformación digital.",1,"Excel,Jira,Linux,Windows Server,Cisco"
199,Python Developer,Python Developer,Banco General,Computrabajo,2026-03-17,2000.0,2600.0,2,Backend,"Buscamos un Python Developer para nuestro equipo de tecnología en Banco General, Panamá.",1,"PostgreSQL,Node.js,Java"
200,Administrador de Sistemas,Administrador de Sistemas,Copa Airlines,Konzerta,2026-01-09,900.0,1400.0,2,Soporte & IT,"En Copa Airlines requerimos Administrador de Sistemas con experiencia en Cisco, Linux para liderar nuestra transformación digital.",1,"Linux,Cisco"
